id,waktu_pindai,id_nanas,titik_pindai,ch_a,ch_b,ch_c,ch_d,ch_e,ch_f,ch_g,ch_h,ch_i,ch_j,ch_k,ch_l,ch_r,ch_s,ch_t,ch_u,ch_v,ch_w
3594,2026-09-01 23:43:27.914815+00,UJI-01,Bawah,12.3811,24.4797,56.2069,10.4515,23.1455,12.7104,9.35569,14.7313,11.3539,6.55977,64.183,278.078,23.4902,31.0296,7.8573,6.60372,13.2483,10.0172
3593,2026-09-01 23:43:26.494389+00,UJI-01,Bawah,12.3811,24.4797,54.2687,11.4016,23.1455,13.4581,9.87545,15.7134,11.3539,6.96976,64.7773,297.806,27.0138,29.9953,7.8573,7.42918,13.2483,10.0172
3592,2026-09-01 23:43:25.017961+00,UJI-01,Bawah,12.3811,24.4797,58.1451,11.4016,24.7417,14.2058,9.87545,15.2223,11.3539,6.96976,65.3716,306.261,28.1883,32.064,8.64303,7.42918,13.2483,10.0172
3591,2026-09-01 23:43:23.538715+00,UJI-01,Bawah,12.3811,25.4589,62.0214,12.3517,25.5398,14.2058,9.87545,15.2223,11.3539,6.96976,65.3716,312.837,29.3628,36.2012,8.64303,7.42918,13.2483,10.0172
3590,2026-09-01 23:43:22.133508+00,UJI-01,Bawah,12.3811,24.4797,60.0833,12.3517,23.9436,14.2058,9.87545,15.2223,10.9334,6.96976,61.8058,310.019,31.7118,33.0983,8.64303,7.42918,13.2483,11.1302
3589,2026-09-01 23:42:47.274897+00,UJI-01,Tengah,15.9186,45.0426,126.95,28.504,51.8778,31.4023,12.4743,18.1686,14.2975,6.96976,55.863,254.591,34.0608,35.1669,7.8573,7.42918,14.1315,11.1302
3588,2026-09-01 23:42:45.910247+00,UJI-01,Tengah,15.9186,46.0218,127.919,27.5539,51.8778,31.4023,12.4743,18.1686,14.2975,7.37974,56.4573,256.47,34.0608,35.1669,7.8573,7.42918,14.1315,11.1302
3587,2026-09-01 23:42:44.407195+00,UJI-01,Tengah,15.9186,45.0426,126.95,28.504,51.8778,32.1499,12.994,18.6596,14.2975,7.37974,56.4573,261.167,35.2353,33.0983,7.8573,7.42918,14.1315,11.1302
3586,2026-09-01 23:42:43.029878+00,UJI-01,Tengah,15.9186,46.0218,130.826,26.6037,51.0797,29.1593,11.9545,17.1865,14.2975,6.96976,56.4573,242.378,31.7118,33.0983,7.8573,7.42918,14.1315,11.1302
3585,2026-09-01 23:42:41.648885+00,UJI-01,Tengah,14.1498,32.3131,82.3722,23.7533,38.3098,25.4209,12.994,19.6417,15.559,6.96976,52.2972,248.955,34.0608,32.064,7.8573,7.42918,13.2483,11.1302
3584,2026-09-01 23:42:08.302346+00,UJI-01,Atas,13.2655,34.2715,107.568,17.1024,40.7041,26.9162,10.915,16.2044,13.4565,7.37974,67.7487,299.685,63.4236,48.6131,13.3574,11.5565,22.0805,12.2432
3583,2026-09-01 23:42:06.935147+00,UJI-01,Atas,13.2655,34.2715,104.661,19.0027,40.7041,28.4116,12.4743,17.6775,13.4565,7.78973,67.1544,310.958,70.4707,49.6474,14.1431,12.382,22.0805,13.3563
3582,2026-09-01 23:42:05.559131+00,UJI-01,Atas,13.2655,32.3131,96.9085,16.1523,39.1079,23.9255,11.4347,16.2044,13.4565,6.96976,65.9659,280.896,59.9001,51.7161,12.5717,10.731,21.1972,11.1302
3581,2026-09-01 23:42:04.114155+00,UJI-01,Atas,13.2655,30.3548,91.094,17.1024,37.5116,26.9162,12.4743,18.1686,13.877,7.78973,65.3716,309.079,63.4236,49.6474,14.1431,12.382,21.1972,12.2432
3580,2026-09-01 23:42:02.7173+00,UJI-01,Atas,12.3811,27.4172,77.5268,17.1024,32.7229,27.6639,12.4743,18.1686,12.1949,7.78973,63.5887,310.958,65.7726,44.4758,14.1431,12.382,19.4308,13.3563
3579,2026-09-01 23:39:49.256308+00,REF_DARK,Dark,0,0,0,0,0,0,0,0,0,0,0,0,0,0,0,0,0,0
3578,2026-09-01 23:39:47.893197+00,REF_DARK,Dark,0,0,0,0,0,0,0,0,0,0,0,0,0,0,0,0,0,0
3577,2026-09-01 23:39:46.447373+00,REF_DARK,Dark,0,0,0,0,0,0,0,0,0,0,0,0,0,0,0,0,0,0
3576,2026-09-01 23:39:44.96623+00,REF_DARK,Dark,0,0,0,0,0,0,0,0,0,0,0,0,0,0,0,0,0,0
3575,2026-09-01 23:39:43.668586+00,REF_DARK,Dark,0,0,0,0,0,0,0,0,0,0,0,0,0,0,0,0,0,0
3574,2026-09-01 23:39:42.310563+00,REF_DARK,Dark,0,0,0,0,0,0,0,0,0,0,0,0,0,0,0,0,0,0
3573,2026-09-01 23:39:40.677663+00,REF_DARK,Dark,0,0,0,0,0,0,0,0,0,0,0,0,0,0,0,0,0,0
3572,2026-09-01 23:39:39.331196+00,REF_DARK,Dark,0,0,0,0,0,0,0,0,0,0,0,0,0,0,0,0,0,0
3571,2026-09-01 23:39:38.000228+00,REF_DARK,Dark,0,0,0,0,0,0,0,0,0,0,0,0,0,0,0,0,0,0
3570,2026-09-01 23:39:36.6114+00,REF_DARK,Dark,0,0,0,0,0,0,0,0,0,0,0,0,0,0,0,0,0,0
3569,2026-09-01 23:39:26.179719+00,REF_WHITE,White,50.4088,392.654,1712.37,203.328,385.492,247.48,33.7845,50.0864,29.436,16.8094,156.892,813.565,203.19,111.707,26.7148,21.4621,52.1099,27.8256
3568,2026-09-01 23:39:24.689347+00,REF_WHITE,White,51.2932,394.612,1719.16,204.279,387.088,248.975,33.7845,50.0864,29.436,16.8094,157.486,813.565,204.365,112.741,26.7148,22.2875,52.1099,27.8256
3567,2026-09-01 23:39:23.261203+00,REF_WHITE,White,50.4088,392.654,1713.34,199.528,385.492,244.489,32.7449,48.6132,29.436,16.3994,157.486,791.018,200.841,116.878,26.7148,21.4621,52.1099,27.8256
3566,2026-09-01 23:39:21.726071+00,REF_WHITE,White,48.6401,384.82,1687.18,198.578,379.905,242.246,32.7449,49.5953,29.0155,16.3994,156.892,807.928,198.492,110.672,26.7148,21.4621,51.2266,27.8256
3565,2026-09-01 23:39:20.283784+00,REF_WHITE,White,48.6401,387.758,1692.99,191.927,381.501,233.274,31.7054,47.6311,29.0155,15.9894,157.486,779.745,191.445,115.844,25.9291,21.4621,51.2266,26.7125
3564,2026-09-01 23:39:18.856394+00,REF_WHITE,White,46.8714,379.924,1669.73,195.727,375.915,240.751,32.7449,49.1043,29.0155,16.3994,156.892,799.473,197.318,114.81,26.7148,21.4621,51.2266,27.8256
3563,2026-09-01 23:39:17.423821+00,REF_WHITE,White,48.6401,383.841,1683.3,194.777,379.107,236.265,32.2252,48.6132,29.0155,16.3994,157.486,791.018,193.794,115.844,25.9291,21.4621,51.2266,26.7125
3562,2026-09-01 23:39:15.849267+00,REF_WHITE,White,46.8714,377.966,1660.04,193.827,374.318,235.517,32.2252,48.1222,29.0155,15.9894,157.486,789.139,193.794,114.81,25.9291,21.4621,51.2266,26.7125
3561,2026-09-01 23:39:14.50103+00,REF_WHITE,White,45.1026,373.07,1641.63,178.625,369.53,218.32,30.1461,45.1759,28.595,15.1695,157.486,744.045,179.7,113.775,24.3576,19.8111,50.3434,25.5995
3560,2026-09-01 23:39:13.053496+00,REF_WHITE,White,38.9121,343.694,1536.97,193.827,345.586,239.255,32.7449,49.1043,27.754,16.3994,156.298,808.868,194.969,104.466,25.9291,21.4621,48.577,27.8256